name,image_url
Joker,https://i.imgur.com/6Zgw4XV.png
Chaos the Clown,https://i.imgur.com/fN0uu2D.png
Jolly Joker,https://i.imgur.com/UTYALjL.png
Zany Joker,https://i.imgur.com/XJ19vfM.png
Mad Joker,https://i.imgur.com/BAX8Ulk.png
Stone Joker,https://i.imgur.com/ViCpB6F.png
Crazy Joker,https://i.imgur.com/sJ8Hqre.png
Droll Joker,https://i.imgur.com/hhTUnhP.png
Half Joker,https://i.imgur.com/d0AVKpL.png
Merry Andy,https://i.imgur.com/UTKPs1X.png
Ice Cream,https://i.imgur.com/BUFjgtv.png
DNA,https://i.imgur.com/CcdepFJ.png
Splash,https://i.imgur.com/qyvwvB3.png
Blue Joker,https://i.imgur.com/cWj73sA.png
Sixth Sense,https://i.imgur.com/w4n0HhH.png
Juggler,https://i.imgur.com/FfhjDI2.png
Drunkard,https://i.imgur.com/Yi22Rp2.png
Acrobat,https://i.imgur.com/sL4l1NQ.png
Sock and Buskin,https://i.imgur.com/x9nbOjm.png
Mime,https://i.imgur.com/7R0zwsQ.png
Credit Card,https://i.imgur.com/0NyQMmX.png
Greedy Joker,https://i.imgur.com/NJLgNdo.png
Lusty Joker,https://i.imgur.com/EEWV1ya.png
Wrathful Joker,https://i.imgur.com/Ds8POrz.png
Gluttonous Joker,https://i.imgur.com/KVFgFSU.png
Troubadour,https://i.imgur.com/QGN6JgS.png
Banner,https://i.imgur.com/06MMCgv.png
Mystic Summit,https://i.imgur.com/Q6fLO4b.png
Marble Joker,https://i.imgur.com/R7E08YM.png
Loyalty Card,https://i.imgur.com/uzQlSpD.png
Hack,https://i.imgur.com/7uDeuaU.png
Misprint,https://i.imgur.com/nD21SzQ.png
Steel Joker,https://i.imgur.com/BF3tkWf.png
Raised Fist,https://i.imgur.com/6wzCpNk.png
Golden Joker,https://i.imgur.com/mvoi7fX.png
Blueprint,https://i.imgur.com/eiJSPZu.png
Glass Joker,https://i.imgur.com/X8Z0ZLh.png
Scary Face,https://i.imgur.com/yhYFmAh.png
Abstract Joker,https://i.imgur.com/Qf1By7A.png
Delayed Gratification,https://i.imgur.com/HC49pUz.png
Golden Ticket,https://i.imgur.com/iPiIghF.png
Pareidolia,https://i.imgur.com/kCjhJNR.png
Cartomancer,https://i.imgur.com/THswYQA.png
Even Steven,https://i.imgur.com/z273Bx5.png
Odd Todd,https://i.imgur.com/LuneZuU.png
Scholar,https://i.imgur.com/9KqV7qE.png
Business Card,https://i.imgur.com/zA4G1HT.png
Supernova,https://i.imgur.com/PAq2sDy.png
Mr. Bones,https://i.imgur.com/nIWOUyD.png
Seeing Double,https://i.imgur.com/oyjfOTi.png
The Duo,https://i.imgur.com/A6VQdBC.png
The Trio,https://i.imgur.com/tDvM9oa.png
The Family,https://i.imgur.com/SxZi09W.png
The Order,https://i.imgur.com/pgswb94.png
The Tribe,https://i.imgur.com/jAnhyUZ.png
8 Ball,https://i.imgur.com/rW5cp7t.png
Fibonacci,https://i.imgur.com/EhtjaDs.png
Joker Stencil,https://i.imgur.com/jBgvbWc.png
Space Joker,https://i.imgur.com/5EkckBt.png
Matador,https://i.imgur.com/zMehAZ3.png
Ceremonial Dagger,https://i.imgur.com/lGZVDTu.png
Showman,https://i.imgur.com/dZdEjxx.png
Fortune Teller,https://i.imgur.com/RsNFojN.png
Hit the Road,https://i.imgur.com/T3jmfQQ.png
Swashbuckler,https://i.imgur.com/W6dLjo2.png
Flower Pot,https://i.imgur.com/M9np2DG.png
Ride the Bus,https://i.imgur.com/fEzZmeJ.png
Shoot the Moon,https://i.imgur.com/67mltyS.png
Smeared Joker,https://i.imgur.com/IrWKrQg.png
Oops! All 6s,https://i.imgur.com/1TTFNKy.png
Four Fingers,https://i.imgur.com/QYmBThe.png
Gros Michel,https://i.imgur.com/9TLo0Cf.png
Stuntman,https://i.imgur.com/gSdsWSP.png
Hanging Chad,https://i.imgur.com/BeZSpvP.png
Driver's License,https://i.imgur.com/9pnMdex.png
Invisible Joker,https://i.imgur.com/zoYvij4.png
Astronomer,https://i.imgur.com/DUjOvkI.png
Burnt Joker,https://i.imgur.com/qUhTVUM.png
Dusk,https://i.imgur.com/qaR3Av7.png
Throwback,https://i.imgur.com/JvwHsIN.png
The Idol,https://i.imgur.com/go7qe8Y.png
Brainstorm,https://i.imgur.com/phsQNtL.png
Satellite,https://i.imgur.com/2KuVPGW.png
Rough Gem,https://i.imgur.com/Sjl6DI0.png
Bloodstone,https://i.imgur.com/cuFH6oW.png
Arrowhead,https://i.imgur.com/CUZURL4.png
Onyx Agate,https://i.imgur.com/iFTKUug.png
Canio,https://i.imgur.com/BZ7of2p.png
Triboulet,https://i.imgur.com/yI44IGH.png
Yorick,https://i.imgur.com/2iypxTS.png
Chicot,https://i.imgur.com/VGKJeXQ.png
Perkeo,https://i.imgur.com/9EvaDGX.png
Certificate,https://i.imgur.com/JONzWoX.png
Bootstraps,https://i.imgur.com/5RYJwUX.png
Constellation,https://i.imgur.com/aIISkxH.png
Egg,https://i.imgur.com/LGlkRwK.png
Burglar,https://i.imgur.com/rNQ26oI.png
Blackboard,https://i.imgur.com/sdNJBJq.png
Runner,https://i.imgur.com/T9CxsSq.png
Hiker,https://i.imgur.com/rgBa1Aq.png
Faceless Joker,https://i.imgur.com/bS3mjvU.png
Green Joker,https://i.imgur.com/z6cjWqq.png
Superposition,https://i.imgur.com/kbLatVf.png
To Do List,https://i.imgur.com/pLdR6nC.png
Cavendish,https://i.imgur.com/jkNUh8R.png
Card Sharp,https://i.imgur.com/AwZEJZ9.png
Red Card,https://i.imgur.com/vOq0XTb.png
Madness,https://i.imgur.com/5POkf9a.png
Seance,https://i.imgur.com/XlhfF8c.png
Riff-Raff,https://i.imgur.com/4PnpGFF.png
Vampire,https://i.imgur.com/akyOaL5.png
Shortcut,https://i.imgur.com/okl2qDs.png
Hologram,https://i.imgur.com/I8cACo4.png
Vagabond,https://i.imgur.com/KJgEYy1.png
Baron,https://i.imgur.com/FLGJbGn.png
Cloud 9,https://i.imgur.com/HEJYbVC.png
Rocket,https://i.imgur.com/g3m4b5I.png
Obelisk,https://i.imgur.com/UUbSXiS.png
Midas Mask,https://i.imgur.com/SUvcpKK.png
Luchador,https://i.imgur.com/R3dRKHk.png
Photograph,https://i.imgur.com/fceHuXu.png
Gift Card,https://i.imgur.com/HG8Iw4c.png
Turtle Bean,https://i.imgur.com/MJdG02s.png
Erosion,https://i.imgur.com/aU47LzY.png
Reserved Parking,https://i.imgur.com/RKgSN3w.png
Mail-In Rebate,https://i.imgur.com/Ld29QbG.png
To The Moon,https://i.imgur.com/NkfgfU7.png
Hallucination,https://i.imgur.com/Jfe2eti.png
Sly Joker,https://i.imgur.com/zlv8fG0.png
Wily Joker,https://i.imgur.com/aNpdTUR.png
Clever Joker,https://i.imgur.com/sgHs9la.png
Devious Joker,https://i.imgur.com/F9FmIur.png
Crafty Joker,https://i.imgur.com/sBZlD11.png
Lucky Cat,https://i.imgur.com/NBHIYGb.png
Baseball Card,https://i.imgur.com/zYhbJxZ.png
Bull,https://i.imgur.com/ifcBOih.png
Diet Cola,https://i.imgur.com/kDGNdPx.png
Trading Card,https://i.imgur.com/qUjNxZo.png
Flash Card,https://i.imgur.com/oGCCuSb.png
Popcorn,https://i.imgur.com/qFhtLXr.png
Ramen,https://i.imgur.com/GUW9Sw5.png
Seltzer,https://i.imgur.com/QqeERHJ.png
Spare Trousers,https://i.imgur.com/mOxPm8j.png
Campfire,https://i.imgur.com/PmNuX0S.png
Smiley Face,https://i.imgur.com/yNBntmH.png
Ancient Joker,https://i.imgur.com/5PPC9Pv.png
Walkie Talkie,https://i.imgur.com/gQPMjLj.png
Castle,https://i.imgur.com/Eba7boZ.png
Square Joker,https://i.imgur.com/ThBuCwC.png
Wee Joker,https://i.imgur.com/90hHZzx.png